e_cblp,e_cp,e_cparhdr,e_maxalloc,e_sp,e_lfanew,NumberOfSections,CreationYear,FH_char0,FH_char1,FH_char2,FH_char3,FH_char4,FH_char5,FH_char6,FH_char7,FH_char8,FH_char9,FH_char10,FH_char11,FH_char12,FH_char13,FH_char14,MajorLinkerVersion,MinorLinkerVersion,SizeOfCode,SizeOfInitializedData,SizeOfUninitializedData,AddressOfEntryPoint,BaseOfCode,BaseOfData,ImageBase,SectionAlignment,FileAlignment,MajorOperatingSystemVersion,MinorOperatingSystemVersion,MajorImageVersion,MinorImageVersion,MajorSubsystemVersion,MinorSubsystemVersion,SizeOfImage,SizeOfHeaders,CheckSum,Subsystem,OH_DLLchar0,OH_DLLchar1,OH_DLLchar2,OH_DLLchar3,OH_DLLchar4,OH_DLLchar5,OH_DLLchar6,OH_DLLchar7,OH_DLLchar8,OH_DLLchar9,OH_DLLchar10,SizeOfStackReserve,SizeOfStackCommit,SizeOfHeapReserve,SizeOfHeapCommit,LoaderFlags,sus_sections,non_sus_sections,E_text,E_data,filesize,E_file,packer,label
80,2,4,65535,184,256,10,1605433710,1,1,1,1,0,0,0,1,1,0,0,0,0,0,0,2,25,741376,56832,0,745196,4096,749568,4194304,4096,512,6,1,6,0,6,1,851968,1024,5145523,2,0,0,0,0,0,0,1,0,1,0,0,1048576,16384,1048576,4096,0,0,10,6.356058204328091,5.044400562007734,5111088,7.9163057151483,0,0
144,3,4,65535,184,216,5,1741475120,1,1,1,1,0,0,0,0,1,0,0,0,0,0,0,6,0,26624,139776,2048,13983,4096,32768,4194304,4096,512,4,0,6,0,4,0,454656,1024,6892500,2,0,0,0,0,0,0,1,0,1,0,1,1048576,4096,1048576,4096,0,0,5,6.454334667833774,4.12304901988063,6866536,7.989959970555849,0,1
144,3,4,65535,184,232,6,139086513,0,1,0,0,0,0,0,0,1,0,1,1,0,0,0,14,20,490496,11057152,0,469424,4096,495616,4194304,4096,512,10,0,10,0,6,1,11575296,1024,19466368,2,0,0,0,0,0,0,1,0,1,0,0,262144,8192,1048576,4096,0,0,6,6.359493694982381,4.649731999915918,19463448,5.233180679376352,0,0
144,3,4,65535,184,128,7,1714392441,1,1,1,1,0,0,0,0,1,1,0,0,0,0,0,2,42,37888,61952,129024,17828,4096,45056,4194304,4096,512,4,0,6,0,4,0,548864,1024,43170464,2,0,0,0,0,0,0,1,0,1,0,0,2097152,4096,1048576,4096,0,0,7,6.09821546616216,1.5676303722192277,43123136,7.999863420500316,0,0
144,3,4,65535,184,288,8,1753694799,0,1,0,0,0,1,0,0,0,0,0,0,0,0,0,14,44,257024,286208,0,156144,4096,0,5368709120,4096,512,6,1,0,0,6,1,565248,1024,3888204,2,0,0,0,0,0,1,1,0,1,0,0,1048576,4096,1048576,4096,0,0,8,6.438495641283816,3.076795679919635,3826104,7.95363933748975,0,0
